,precision,recall,f1-score,support,,
0,0.0,0.0,0.0,2.0,,
1,0.5596330275229360,0.8840579710144930,0.6853932584269660,69.0,,
2,0.38461538461538500,0.09803921568627450,0.15625000000000000,51.0,,
accuracy,0.5409836065573770,0.5409836065573770,0.5409836065573770,0.5409836065573770,,
macro avg,0.3147494707127730,0.3273657289002560,0.28054775280898900,122.0,,
weighted avg,0.4772956025776000,0.5409836065573770,0.4529580723890220,122.0,,
