,precision,recall,f1-score,support,,
1,0.0,0.0,0.0,23.0,,
2,0.8114754098360660,1.0,0.8959276018099550,99.0,,
accuracy,0.8114754098360660,0.8114754098360660,0.8114754098360660,0.8114754098360660,,
macro avg,0.4057377049180330,0.5,0.44796380090497700,122.0,,
weighted avg,0.6584923407686110,0.8114754098360660,0.7270232178621760,122.0,,
