average_score,average_sentiment,number_of_comments,brands
7.638916320947572,1.6771412037037037,3.2447916666666665,Glossier
4.53357536585547,1.5734402764246385,2.228100607111882,Fenty
5.49435138188805,1.4012229953355104,1.8922617566558846,Ulta
5.6792704020768365,1.3135979458198543,1.9946460440214158,Sephora
